,domain,url,readme,stars
0,React,https://github.com/freeCodeCamp/freeCodeCamp,"freeCodeCamp/README.md at main · freeCodeCamp/freeCodeCamp · GitHub














































Skip to content













Navigation Menu

Toggle navigation




 













            Sign in
          








        Product
        













GitHub Copilot
        Write better code with AI
      







Security
        Find and fix vulnerabilities
      







Actions
        Automate any workflow
      







Codespaces
        Instant dev environments
      







Issues
        Plan and track work
      







Code Review
        Manage code changes
      







Discussions
        Collaborate outside of code
      







Code Search
        Find more, search less
      






Explore



      All features

    



      Documentation

    





      GitHub Skills

    





      Blog

    










        Solutions
        






By company size



      Enterprises

    



      Small and medium teams

    



      Startups

    



   ",414307
1,React,https://github.com/facebook/react,"react/README.md at main · facebook/react · GitHub














































Skip to content













Navigation Menu

Toggle navigation




 













            Sign in
          








        Product
        













GitHub Copilot
        Write better code with AI
      







Security
        Find and fix vulnerabilities
      







Actions
        Automate any workflow
      







Codespaces
        Instant dev environments
      







Issues
        Plan and track work
      







Code Review
        Manage code changes
      







Discussions
        Collaborate outside of code
      







Code Search
        Find more, search less
      






Explore



      All features

    



      Documentation

    





      GitHub Skills

    





      Blog

    










        Solutions
        






By company size



      Enterprises

    



      Small and medium teams

    



      Startups

    



      Nonprofits

   ",233668
3,React,https://github.com/facebook/react-native,"react-native/README.md at main · facebook/react-native · GitHub














































Skip to content













Navigation Menu

Toggle navigation




 













            Sign in
          








        Product
        













GitHub Copilot
        Write better code with AI
      







Security
        Find and fix vulnerabilities
      







Actions
        Automate any workflow
      







Codespaces
        Instant dev environments
      







Issues
        Plan and track work
      







Code Review
        Manage code changes
      







Discussions
        Collaborate outside of code
      







Code Search
        Find more, search less
      






Explore



      All features

    



      Documentation

    





      GitHub Skills

    





      Blog

    










        Solutions
        






By company size



      Enterprises

    



      Small and medium teams

    



      Startups

    



      N",121243
4,React,https://github.com/justjavac/free-programming-books-zh_CN,"free-programming-books-zh_CN/README.md at main · justjavac/free-programming-books-zh_CN · GitHub














































Skip to content













Navigation Menu

Toggle navigation




 













            Sign in
          








        Product
        













GitHub Copilot
        Write better code with AI
      







Security
        Find and fix vulnerabilities
      







Actions
        Automate any workflow
      







Codespaces
        Instant dev environments
      







Issues
        Plan and track work
      







Code Review
        Manage code changes
      







Discussions
        Collaborate outside of code
      







Code Search
        Find more, search less
      






Explore



      All features

    



      Documentation

    





      GitHub Skills

    





      Blog

    










        Solutions
        






By company size



      Enterprises

    



      Small and medium teams

    

",113126
5,React,https://github.com/facebook/create-react-app,"create-react-app/README.md at main · facebook/create-react-app · GitHub














































Skip to content













Navigation Menu

Toggle navigation




 













            Sign in
          








        Product
        













GitHub Copilot
        Write better code with AI
      







Security
        Find and fix vulnerabilities
      







Actions
        Automate any workflow
      







Codespaces
        Instant dev environments
      







Issues
        Plan and track work
      







Code Review
        Manage code changes
      







Discussions
        Collaborate outside of code
      







Code Search
        Find more, search less
      






Explore



      All features

    



      Documentation

    





      GitHub Skills

    





      Blog

    










        Solutions
        






By company size



      Enterprises

    



      Small and medium teams

    



      Startups

    


",103108
8,React,https://github.com/storybookjs/storybook,"storybook/README.md at main · storybookjs/storybook · GitHub














































Skip to content













Navigation Menu

Toggle navigation




 













            Sign in
          








        Product
        













GitHub Copilot
        Write better code with AI
      







Security
        Find and fix vulnerabilities
      







Actions
        Automate any workflow
      







Codespaces
        Instant dev environments
      







Issues
        Plan and track work
      







Code Review
        Manage code changes
      







Discussions
        Collaborate outside of code
      







Code Search
        Find more, search less
      






Explore



      All features

    



      Documentation

    





      GitHub Skills

    





      Blog

    










        Solutions
        






By company size



      Enterprises

    



      Small and medium teams

    



      Startups

    



      Nonp",86218
9,React,https://github.com/shadcn-ui/ui,"ui/README.md at main · shadcn-ui/ui · GitHub














































Skip to content













Navigation Menu

Toggle navigation




 













            Sign in
          








        Product
        













GitHub Copilot
        Write better code with AI
      







Security
        Find and fix vulnerabilities
      







Actions
        Automate any workflow
      







Codespaces
        Instant dev environments
      







Issues
        Plan and track work
      







Code Review
        Manage code changes
      







Discussions
        Collaborate outside of code
      







Code Search
        Find more, search less
      






Explore



      All features

    



      Documentation

    





      GitHub Skills

    





      Blog

    










        Solutions
        






By company size



      Enterprises

    



      Small and medium teams

    



      Startups

    



      Nonprofits

    



",84085
10,NodeJS,https://github.com/freeCodeCamp/freeCodeCamp,"freeCodeCamp/README.md at main · freeCodeCamp/freeCodeCamp · GitHub














































Skip to content













Navigation Menu

Toggle navigation




 













            Sign in
          








        Product
        













GitHub Copilot
        Write better code with AI
      







Security
        Find and fix vulnerabilities
      







Actions
        Automate any workflow
      







Codespaces
        Instant dev environments
      







Issues
        Plan and track work
      







Code Review
        Manage code changes
      







Discussions
        Collaborate outside of code
      







Code Search
        Find more, search less
      






Explore



      All features

    



      Documentation

    





      GitHub Skills

    





      Blog

    










        Solutions
        






By company size



      Enterprises

    



      Small and medium teams

    



      Startups

    



   ",414307
12,NodeJS,https://github.com/electron/electron,"electron/README.md at main · electron/electron · GitHub














































Skip to content













Navigation Menu

Toggle navigation




 













            Sign in
          








        Product
        













GitHub Copilot
        Write better code with AI
      







Security
        Find and fix vulnerabilities
      







Actions
        Automate any workflow
      







Codespaces
        Instant dev environments
      







Issues
        Plan and track work
      







Code Review
        Manage code changes
      







Discussions
        Collaborate outside of code
      







Code Search
        Find more, search less
      






Explore



      All features

    



      Documentation

    





      GitHub Skills

    





      Blog

    










        Solutions
        






By company size



      Enterprises

    



      Small and medium teams

    



      Startups

    



      Nonprofit",116086
13,NodeJS,https://github.com/nodejs/node,"node/README.md at main · nodejs/node · GitHub














































Skip to content













Navigation Menu

Toggle navigation




 













            Sign in
          








        Product
        













GitHub Copilot
        Write better code with AI
      







Security
        Find and fix vulnerabilities
      







Actions
        Automate any workflow
      







Codespaces
        Instant dev environments
      







Issues
        Plan and track work
      







Code Review
        Manage code changes
      







Discussions
        Collaborate outside of code
      







Code Search
        Find more, search less
      






Explore



      All features

    



      Documentation

    





      GitHub Skills

    





      Blog

    










        Solutions
        






By company size



      Enterprises

    



      Small and medium teams

    



      Startups

    



      Nonprofits

    


",110292
14,NodeJS,https://github.com/axios/axios,"axios/README.md at main · axios/axios · GitHub














































Skip to content













Navigation Menu

Toggle navigation




 













            Sign in
          








        Product
        













GitHub Copilot
        Write better code with AI
      







Security
        Find and fix vulnerabilities
      







Actions
        Automate any workflow
      







Codespaces
        Instant dev environments
      







Issues
        Plan and track work
      







Code Review
        Manage code changes
      







Discussions
        Collaborate outside of code
      







Code Search
        Find more, search less
      






Explore



      All features

    



      Documentation

    





      GitHub Skills

    





      Blog

    










        Solutions
        






By company size



      Enterprises

    



      Small and medium teams

    



      Startups

    



      Nonprofits

    

",106569
17,NodeJS,https://github.com/oven-sh/bun,"bun/README.md at main · oven-sh/bun · GitHub














































Skip to content













Navigation Menu

Toggle navigation




 













            Sign in
          








        Product
        













GitHub Copilot
        Write better code with AI
      







Security
        Find and fix vulnerabilities
      







Actions
        Automate any workflow
      







Codespaces
        Instant dev environments
      







Issues
        Plan and track work
      







Code Review
        Manage code changes
      







Discussions
        Collaborate outside of code
      







Code Search
        Find more, search less
      






Explore



      All features

    



      Documentation

    





      GitHub Skills

    





      Blog

    










        Solutions
        






By company size



      Enterprises

    



      Small and medium teams

    



      Startups

    



      Nonprofits

    



",77052
